event_idx,row_idx,t,dT_dt,Tsel
1,36212,2025-09-12 12:04:58,0.397375,-3.65775