event_idx,row_idx,t,dT_dt,Tsel
1,24085,2025-09-09 22:50:22,0.131875,-1.25075
